pid,sex,group,visit1_date,visit2_date,visit1_blactate_begin,visit2_blactate_begin,visit1_vo2_max,visit2_vo2_max,visit1_vco2_max,visit2_vco2_max,visit1_rer_max,visit2_rer_max,visit1_speed_max,visit2_speed_max,visit1_blactate_end,visit2_blactate_end,visit1_comments,visit2_comments
10700102,female,1w,12FEB2019,,1.4,NA,68.29,NA,65.24,NA,0.96,NA,23.4,NA,7.9,NA,,
10760008,female,1w,13FEB2019,,1.3,NA,61.04,NA,59.03,NA,0.97,NA,21.6,NA,6.1,NA,,
10770666,female,1w,13FEB2019,,1.4,NA,68.63,NA,70.54,NA,1.03,NA,25.2,NA,15.2,NA,,
10780629,female,1w,13FEB2019,,1.6,NA,73.76,NA,71.12,NA,0.96,NA,25.2,NA,8.7,NA,,
10784616,female,1w,13FEB2019,,0.8,NA,68.69,NA,68.36,NA,1,NA,27,NA,8.6,NA,,
10833331,female,1w,14FEB2019,,1.5,NA,68.46,NA,68.4,NA,1,NA,25.2,NA,9.6,NA,,
10886028,female,1w,14FEB2019,,1.7,NA,62.09,NA,62.96,NA,1.01,NA,23.4,NA,9.4,NA,,
10901000,female,1w,14FEB2019,,1.3,NA,63,NA,68.91,NA,1.09,NA,23.4,NA,12.1,NA,,
10901434,female,1w,14FEB2019,,1.2,NA,65.36,NA,70.16,NA,1.07,NA,23.4,NA,9.1,NA,,
10914331,female,1w,14FEB2019,,2,NA,75.35,NA,77.64,NA,1.03,NA,23.4,NA,10.8,NA,,
10934529,female,1w,15FEB2019,,2,NA,73.81,NA,74.19,NA,1.01,NA,27,NA,7.9,NA,,
10950486,female,1w,15FEB2019,,0.9,NA,67.93,NA,71.82,NA,1.06,NA,25.2,NA,9.1,NA,,
10950648,female,1w,15FEB2019,,1,NA,61.69,NA,63.03,NA,1.02,NA,23.4,NA,8.8,NA,,
10953744,female,1w,15FEB2019,,1.3,NA,71.3,NA,67.69,NA,0.95,NA,25.2,NA,16.2,NA,,
10962735,female,1w,15FEB2019,,1.3,NA,65.99,NA,69.41,NA,1.05,NA,25.2,NA,12.2,NA,,
10680837,female,2w,12FEB2019,,1.5,NA,77.05,NA,78.06,NA,1.01,NA,27,NA,10.9,NA,,
10702741,female,2w,12FEB2019,,1.5,NA,73.37,NA,75.96,NA,1.04,NA,27,NA,10.1,NA,,
10729518,female,2w,12FEB2019,,1.4,NA,78.99,NA,80.55,NA,1.02,NA,28.8,NA,13,NA,,
10732306,female,2w,12FEB2019,,1.1,NA,73.46,NA,77.91,NA,1.06,NA,25.2,NA,11.5,NA,,
10734945,female,2w,12FEB2019,,1.8,NA,66.37,NA,74.2,NA,1.12,NA,23.4,NA,14.7,NA,,
10742611,female,2w,12FEB2019,,1.2,NA,70.16,NA,74.4,NA,1.06,NA,23.4,NA,16,NA,,
10756086,female,2w,13FEB2019,,2,NA,60.1,NA,64.46,NA,1.09,NA,19.8,NA,8.7,NA,,
10761160,female,2w,13FEB2019,,1.2,NA,66.63,NA,66,NA,0.99,NA,25.2,NA,10.4,NA,,
10782168,female,2w,13FEB2019,,1.4,NA,77.72,NA,72.4,NA,0.93,NA,28.8,NA,13.8,NA,,
10830073,female,2w,13FEB2019,,1.1,NA,63.78,NA,63.76,NA,1,NA,23.4,NA,10.9,NA,,
10858679,female,2w,14FEB2019,,0.9,NA,72.74,NA,72.15,NA,0.99,NA,27,NA,10.2,NA,,
10871349,female,2w,14FEB2019,,1.4,NA,71.76,NA,71.09,NA,0.99,NA,23.4,NA,9.9,NA,,
10877894,female,2w,14FEB2019,,1.3,NA,66.46,NA,72.48,NA,1.09,NA,23.4,NA,14.6,NA,,
10971645,female,2w,15FEB2019,,0.9,NA,64.61,NA,68.89,NA,1.07,NA,25.2,NA,11,NA,,
10972374,female,2w,15FEB2019,,1.3,NA,65,NA,67.13,NA,1.03,NA,25.2,NA,13,NA,,
10268871,female,4w,29OCT2018,27NOV2018,1.6,1.4,77.4,78.86,78.97,80.21,1.03,1.03,25.2,25.2,10.9,7.9,,Max speed: 25.2 m/min at 15 degree
10282947,female,4w,29OCT2018,27NOV2018,2,1.5,76.45,72.24,81.31,73.86,1.07,1.02,23.4,27,13,10.1,,Max speed: 27.0 m/min at 15 degree
10284052,female,4w,29OCT2018,27NOV2018,1.6,1.5,77.99,81.05,83.44,78.64,1.11,1,25.2,27,13.4,7.4,,Max speed: 27.0 m/min at 15 degree
10300007,female,4w,30OCT2018,27NOV2018,1.2,0.9,69.5,73.4,76.27,78.48,1.12,1.08,25.2,27,11.2,12.9,,Max speed: 27.0 m/min at 15 degree
10306471,female,4w,30OCT2018,28NOV2018,1.4,1.4,74.99,78.87,74.82,80.95,1.03,1.03,23.4,27,7.2,7.9,,Max speed: 27.0 m/min at 15 degree
10309659,female,4w,30OCT2018,28NOV2018,1.3,1.6,78.13,73.52,83.23,76.98,1.08,1.06,25.2,27,11.9,15.2,Failed to push further toward the end because the rat found a way to sit on the shock.,Max speed: 27.0 m/min at 15 degree
10314733,female,4w,30OCT2018,28NOV2018,1.5,2.4,76.63,88.4,78,87.21,1.03,1,23.4,28.8,12.9,8,,Max speed: 28.8 m/min at 15 degree
10315624,female,4w,30OCT2018,28NOV2018,1.8,1.2,71.89,71.69,79.3,76.89,1.12,1.08,25.2,27,15.4,13.9,,Max speed: 27.0 m/min at 15 degree
10335064,female,4w,30OCT2018,28NOV2018,1.3,1.4,74.2,76.12,77.19,80.07,1.04,1.05,25.2,28.8,13.5,14.1,,Max speed: 28.8 m/min at 15 degree
10335730,female,4w,31OCT2018,29NOV2018,1.2,1.9,74.32,78.22,77.51,79.39,1.08,1.03,23.4,27,13.7,12.4,,Max speed: 27.0 m/min at 15 degree
10337199,female,4w,31OCT2018,29NOV2018,1.4,2.1,67.99,75.5,69.27,75.66,1.03,1.02,25.2,28.8,10,10.8,,Max speed: 28.8 m/min at 15 degree
10338918,female,4w,31OCT2018,29NOV2018,1.9,1.7,74.77,74.72,76.08,76.32,1.06,1.03,25.2,27,13.1,11.7,,Max speed: 27.0 m/min at 15 degree
10356738,female,4w,31OCT2018,29NOV2018,1.3,1.8,69.76,72.48,68.68,72.44,1.01,1.03,25.2,27,9.5,9.6,,Max speed: 27.0 m/min at 15 degree
10381414,female,4w,31OCT2018,30NOV2018,1.7,1.1,71.3,71.92,75.91,79.84,1.08,1.13,25.2,25.2,15.2,11.1,,Max speed: 25.2 m/min at 15 degree
10387021,female,4w,01NOV2018,30NOV2018,1.2,1.2,72.68,73.16,75.26,76.47,1.05,1.06,27,27,11.8,10.5,,Max speed: 27.0 m/min at 15 degree
10391800,female,4w,01NOV2018,30NOV2018,1.5,1.8,75.42,73.65,79.15,76.57,1.1,1.05,23.4,27,16,13.9,The rat injured its right foot towards the end of the test,Max speed: 27.0 m/min at 10 degree. The rat can't run at 15 degree neither 25.2 m/min nor 27.0 m/min
10398651,female,4w,01NOV2018,30NOV2018,1.2,1.1,69.12,73.17,75.78,75.26,1.1,1.04,25.2,25.2,13.1,10,,Max speed: 25.2 m/min at 15 degree
10411690,female,4w,01NOV2018,30NOV2018,1.4,1.3,78.98,80.1,78.05,80.58,1.01,1.02,27,27,11.6,9.7,,Max speed: 27.0 m/min at 15 degree
10043608,female,8w,30JUL2018,25SEP2018,1.5,1.9,68.7,83.57,61.66,86.91,1.01,1.05,23.4,30.6,6.5,10.8,,
10044256,female,8w,31JUL2018,25SEP2018,2,1,72.6,76.17,70.17,81.03,0.98,1.06,25.2,30.6,6.7,9.2,,
10044760,female,8w,31JUL2018,26SEP2018,1.9,1.8,69.9,83.92,74.05,89.79,1.09,1.09,25.2,28.8,12.1,12.7,,
10044841,female,8w,31JUL2018,26SEP2018,1.7,2.2,65.1,84.43,67.36,89.08,1.09,1.07,25.2,30.6,6.4,10.5,Gave up running at the end. It wasn't possible to push the rat further.,
10045228,female,8w,01AUG2018,27SEP2018,1.8,1.6,66.4,81.87,64.68,85.53,1,1.05,23.4,30.6,6.1,6.8,Gave up running at the end.,
10045309,female,8w,01AUG2018,27SEP2018,1.5,2,74,82.68,64.37,83.67,0.92,1.04,25.2,28.8,5.4,8.4,,
10045651,female,8w,01AUG2018,27SEP2018,1.3,1.6,67.9,82.17,65.83,85.35,1,1.07,25.2,30.6,6.5,9.3,,
10045732,female,8w,02AUG2018,27SEP2018,1.4,1.1,79.6,85.13,77.96,87.92,1.03,1.04,25.2,28.8,11.4,4.3,,
10046461,female,8w,02AUG2018,28SEP2018,1.7,1.4,77.4,84.06,80.02,91.58,1.03,1.09,27,30.6,12.9,11.7,,
10046542,female,8w,03AUG2018,28SEP2018,1.2,1.8,78.6,84.41,81.83,87.7,1.1,1.06,25.2,28.8,11.7,12.7,,
10046623,female,8w,03AUG2018,28SEP2018,1.7,1.4,77.6,80.5,78.25,86.59,1.09,1.08,25.2,32.4,16,11,,
10046704,female,8w,03AUG2018,29SEP2018,1.9,2.3,73.1,88.2,84.25,84.25,1.12,1.03,25.2,32.4,11.5,10,,
10046895,female,8w,03AUG2018,29SEP2018,1.4,1.5,77.4,78.86,79.73,85.48,1.04,1.1,23.4,28.8,11.9,12.9,,
10046976,female,8w,03AUG2018,29SEP2018,1.5,1.5,64.4,83.27,64.16,85.75,1.02,1.04,23.4,28.8,7.1,8.1,I failed to push the rat to it's VO2 peak,
10043527,female,control,30JUL2018,25SEP2018,1.9,1.8,83.8,73.16,79.72,80.68,1.03,1.09,25.2,23.4,8.1,12.2,,
10043799,female,control,30JUL2018,29SEP2018,1.8,1.9,71.7,63.77,75,69.09,1.08,1.11,25.2,21.6,11,10.7,,
10043950,female,control,30JUL2018,29SEP2018,2.3,1.6,72.5,64.63,76.5,67.41,1.06,1.06,25.2,21.6,9.4,11.2,,
10044094,female,control,30JUL2018,25SEP2018,2.2,1.9,69.7,61.85,71.08,63.09,1.04,1.03,25.2,19.8,4.9,7.6,Sat on shock too long towards the end.,
10044337,female,control,31JUL2018,25SEP2018,2.1,1.1,69.6,73.52,76.19,74.19,1.1,1.01,23.4,23.4,12.6,9,,
10044418,female,control,31JUL2018,26SEP2018,1.6,1,77.6,63.65,76.09,69.17,1,1.09,23.4,21.6,11.8,10.1,Nose bleed - too much sitting on shock at the end.,
10044922,female,control,31JUL2018,26SEP2018,2,1.3,69.7,64.39,72.08,68.94,1.08,1.07,25.2,21.6,7,14,Rat gave up at the end. It wasn't possible to push it more.,
10045570,female,control,01AUG2018,27SEP2018,1.5,1.4,65.8,73.62,61.84,69.31,0.97,1.01,25.2,21.6,3.5,8.4,"Sat on shock too often, resting + avoiding shock.",
10045813,female,control,02AUG2018,27SEP2018,1.3,1.5,77.3,65.33,81.15,70.07,1.06,1.08,25.2,21.6,11.5,13.1,,
10046038,female,control,02AUG2018,28SEP2018,1.6,1.3,72.8,72.92,75.36,75.29,1.04,1.04,25.2,21.6,9.9,13.1,,
10046119,female,control,02AUG2018,28SEP2018,1.5,1.5,79.5,64.04,81.61,67.59,1.05,1.06,27,19.8,13.4,14.2,,
10046380,female,control,02AUG2018,28SEP2018,0.9,1.9,75.6,61.43,16.02,60.47,1.03,1,27,21.6,8.8,6.5,,
10417702,male,1w,07JAN2019,,0.8,NA,70.58,NA,71.71,NA,1.06,NA,23.4,NA,13.3,NA,,
10422463,male,1w,07JAN2019,,1.2,NA,66.19,NA,70.55,NA,1.08,NA,21.6,NA,11.3,NA,,
10424911,male,1w,07JAN2019,,0.9,NA,71.45,NA,77.47,NA,1.09,NA,23.4,NA,14.6,NA,,
10471596,male,1w,07JAN2019,,1.6,NA,66.71,NA,71.87,NA,1.08,NA,21.6,NA,15.8,NA,,
10478337,male,1w,08JAN2019,,0.9,NA,65.73,NA,63.51,NA,1.02,NA,21.6,NA,7.1,NA,,
10503110,male,1w,08JAN2019,,2.2,NA,65.07,NA,64.79,NA,1.05,NA,23.4,NA,12.1,NA,,
10536558,male,1w,09JAN2019,,1.3,NA,66.89,NA,70.3,NA,1.05,NA,23.4,NA,8.7,NA,,
10543767,male,1w,09JAN2019,,1.1,NA,61.75,NA,64.33,NA,1.04,NA,21.6,NA,9.8,NA,,
10553053,male,1w,09JAN2019,,1.1,NA,64.22,NA,68.64,NA,1.08,NA,21.6,NA,11.9,NA,,
10561072,male,1w,09JAN2019,,1.1,NA,67.25,NA,72.59,NA,1.08,NA,21.6,NA,11.6,NA,,
10616233,male,1w,10JAN2019,,1.4,NA,65.96,NA,71.91,NA,1.05,NA,21.6,NA,15.5,NA,,
10619259,male,1w,10JAN2019,,2.2,NA,68.88,NA,73.56,NA,1.07,NA,23.4,NA,11.9,NA,,
10621903,male,1w,11JAN2019,,1.4,NA,56.12,NA,61.12,NA,1.1,NA,21.6,NA,6.5,NA,,
10675086,male,1w,11JAN2019,,1.8,NA,68.35,NA,73.76,NA,1.08,NA,21.6,NA,12.7,NA,,
10677887,male,1w,11JAN2019,,1.2,NA,64.26,NA,65.82,NA,1.02,NA,23.4,NA,11.6,NA,,
10434046,male,2w,07JAN2019,,1.2,NA,64.44,NA,66.11,NA,1.03,NA,23.4,NA,NA,NA,lactate meter battery died - no post-VO2 Lactate,
10436170,male,2w,07JAN2019,,1.5,NA,65.07,NA,68.38,NA,1.05,NA,25.2,NA,14.9,NA,,
10472053,male,2w,08JAN2019,,1.6,NA,68.6,NA,71.59,NA,1.05,NA,23.4,NA,10.5,NA,,
10486003,male,2w,08JAN2019,,1.3,NA,69.82,NA,69.72,NA,1,NA,25.2,NA,10,NA,,
10496580,male,2w,08JAN2019,,1,NA,69.19,NA,75.16,NA,1.09,NA,21.6,NA,12.3,NA,,
10502300,male,2w,08JAN2019,,1.5,NA,62.6,NA,67.15,NA,1.07,NA,21.6,NA,12.3,NA,,
10531599,male,2w,09JAN2019,,3.2,NA,68.54,NA,73.67,NA,1.08,NA,21.6,NA,9.1,NA,,
10564179,male,2w,09JAN2019,,1,NA,66.74,NA,70.05,NA,1.05,NA,21.6,NA,10.2,NA,,
10587543,male,2w,10JAN2019,,1.4,NA,64.06,NA,69.12,NA,1.08,NA,21.6,NA,14.4,NA,,
10589325,male,2w,10JAN2019,,1.6,NA,61.8,NA,65.6,NA,1.07,NA,23.4,NA,9,NA,,
10591575,male,2w,10JAN2019,,1.7,NA,72.06,NA,74.92,NA,1.04,NA,23.4,NA,11.9,NA,,
10611193,male,2w,10JAN2019,,1.4,NA,64.04,NA,68.22,NA,1.07,NA,23.4,NA,14.3,NA,,
10637079,male,2w,11JAN2019,,1.3,NA,78.61,NA,82.63,NA,1.05,NA,21.6,NA,10.5,NA,,
10641858,male,2w,11JAN2019,,1.6,NA,63.56,NA,64.1,NA,1.04,NA,21.6,NA,7.8,NA,,
10672656,male,2w,11JAN2019,,1.8,NA,65.35,NA,65.19,NA,1,NA,23.4,NA,9.7,NA,,
10059369,male,4w,08OCT2018,06NOV2018,1.4,1.4,65.38,70.03,69.1,72.16,1.06,1.03,21.6,27,12.6,7.5,,
10063633,male,4w,08OCT2018,06NOV2018,1.4,1.6,68.87,70.02,72.84,71.84,1.07,1.05,21.6,25.2,16.1,9.3,,Max Speed: 25.2 m/min at 15 degree
10085017,male,4w,08OCT2018,06NOV2018,1.1,1.9,68.75,67.27,72.26,67.34,1.06,1.03,19.8,25.2,8.7,8.1,,Max Speed: 25.2 m/min at 15 degree
10088113,male,4w,08OCT2018,06NOV2018,0.9,1.9,67.61,69.96,70.48,72.55,1.06,1.04,23.4,25.2,10.6,13.3,,Max Speed: 25.2 m/min at 15 degree
10093702,male,4w,08OCT2018,06NOV2018,1.4,1.6,71,72.27,73.79,73.29,1.05,1.01,25.2,27,13.7,9.3,,Max Speed: 27.0 m/min at 15 degree
10095241,male,4w,09OCT2018,07NOV2018,1.2,1.5,62.1,64.12,67.4,70.91,1.08,1.12,21.6,23.4,11.8,12.8,,Max Speed: 23.4 m/min at 15 degree
10106383,male,4w,09OCT2018,07NOV2018,1.6,1.6,65.8,67.3,68.08,66.01,1.03,0.98,23.4,25.2,9,7,,Max Speed: 25.2 m/min at 15 degree
10136967,male,4w,09OCT2018,07NOV2018,1.6,1.9,64.34,67.39,69.59,70.75,1.09,1.07,21.6,27,12,8.7,,Max Speed: 27.0 m/min at 15 degree
10139044,male,4w,09OCT2018,07NOV2018,1.6,1.6,59.9,64.37,66.41,68.86,1.13,1.07,21.6,23.4,13.3,13.6,,Max Speed: 23.4 m/min at 15 degree
10139710,male,4w,09OCT2018,07NOV2018,2,2,67.05,69.4,71.34,74.2,1.06,1.08,21.6,23.4,17.3,11,,Max Speed: 23.4 m/min at 15 degree
10152148,male,4w,10OCT2018,08NOV2018,1.1,1.3,64.39,71.33,70.82,74.6,1.1,1.07,21.6,23.4,13.8,7.5,,Max Speed: 23.4 m/min at 15 degree
10171010,male,4w,10OCT2018,08NOV2018,1.3,1.4,63.02,68.54,69.76,67.5,1.11,0.99,19.8,25.2,14.7,5.7,,"Max Speed: 25.2 m/min at 15 degree. The rat injured its toe around 11:40:00 AM. Thus, pushing the rat to run further was very difficult."
10175431,male,4w,10OCT2018,08NOV2018,1.7,1.3,60.88,69.26,69.39,71.13,1.14,1.04,19.8,25.2,14.1,7.5,,Max Speed: 25.2 m/min at 15 degree
10179267,male,4w,10OCT2018,08NOV2018,1.5,1.2,65.39,64.87,69.39,71.69,1.14,1.12,21.6,23.4,9.7,11.8,,Max Speed: 23.4 m/min at 15 degree
10185585,male,4w,11OCT2018,09NOV2018,1.4,1.6,69.4,70.01,74.3,73.62,1.07,1.06,19.8,23.4,6.3,10.2,,Max Speed: 23.4 m/min at 15 degree
10204989,male,4w,11OCT2018,09NOV2018,1.2,1.3,69.41,68.73,70.3,70.69,1.08,1.03,19.8,23.4,4.4,8.4,,Max Speed: 23.4 m/min at 15 degree
10219315,male,4w,11OCT2018,09NOV2018,1.3,1.8,66.47,65.46,67.7,69.12,1.07,1.06,21.6,23.4,12.9,11.4,,Max Speed: 23.4 m/min at 15 degree
10220917,male,4w,11OCT2018,09NOV2018,1.5,1.8,62.76,64.75,69.55,67.89,1.1,1.06,23.4,23.4,15.5,11.2,,Max Speed: 23.4 m/min at 15 degree
10024735,male,8w,02JUL2018,28AUG2018,1.2,2.2,72.6,81.32,75.58,85.61,1.04,1.05,21.6,32.4,11.9,7.2,,
10025626,male,8w,03JUL2018,29AUG2018,2.2,2.1,65.15,79.69,64.8,79.05,0.99,1.04,19.8,32.4,8.7,6.7,,
10025707,male,8w,03JUL2018,29AUG2018,1.8,2.1,60.42,78.77,62.42,81.68,1.03,1.05,19.8,32.4,7.3,8,,
10025898,male,8w,03JUL2018,29AUG2018,1.6,1.6,68.45,78.55,69.99,81.87,1.02,1.04,21.6,30.6,8.3,7.5,,
10025979,male,8w,04JUL2018,30AUG2018,1.6,2,64.01,76.23,65.01,76.5,1.03,1.01,19.8,28.8,7.5,8.4,,
10026193,male,8w,04JUL2018,30AUG2018,1.2,1.5,65.77,69.34,70.16,68.44,1.08,0.99,19.8,32.4,8.3,4.1,"Rat appeared to be at max speed (19.8 m/min), so speed wasn't increased to 21.6 m/min. However, RER flattened and dropped toward the end. When the speed was going to be increased after noticing the drop of RER, the rat was already exhausted so the test ended with a speed of 19.8 m/min",
10026436,male,8w,04JUL2018,30AUG2018,2,1.2,66.14,70.34,69.13,70.55,1.07,1.01,19.8,28.8,8.7,4.6,,
10026940,male,8w,05JUL2018,31AUG2018,1.4,1.4,65.35,73.37,69.04,78.1,1.06,1.07,21.6,30.6,11.8,7.4,,
10027084,male,8w,05JUL2018,31AUG2018,1,1.9,65.6,78.22,70.41,80.96,1.05,1.04,19.8,34.2,9.3,8.8,,
10027165,male,8w,05JUL2018,31AUG2018,1.6,1.7,67.27,81.49,69.56,83.74,1.03,1.04,21.6,32.4,7.1,9,,
10027246,male,8w,05JUL2018,31AUG2018,1.9,1.7,68.99,78.06,71.01,80.51,1.03,1.04,21.6,28.8,11.1,7.5,,
10027408,male,8w,06JUL2018,01SEP2018,2.5,1.7,61.83,78.25,65.47,83.08,1.06,1.07,21.6,32.4,8.9,9.4,,
10027912,male,8w,06JUL2018,01SEP2018,1.2,1.4,66.89,80.18,69.86,83.8,1.05,1.05,23.4,34.2,10.3,10.6,,
10023259,male,control,02JUL2018,28AUG2018,1.8,0.5,64.47,63.47,66.95,67.88,1.04,1.07,21.6,21.6,8.2,9.5,,
10024816,male,control,02JUL2018,28AUG2018,1.4,1.8,66.38,61.39,68.7,68.79,1.04,1.12,21.6,21.6,11.2,7.1,,
10025464,male,control,03JUL2018,29AUG2018,1.7,1.4,63.31,62.27,61.05,65.09,1.03,1.04,21.6,21.6,5.7,10.4,"Increased speed to 23.4 m/min during protocol; However the rat can't maintain the speed, so speed was dropped to 21.6 m/min",
10025545,male,control,03JUL2018,29AUG2018,1.4,1.8,64.37,58.48,66.46,61.76,1.04,1.06,19.8,19.8,8.2,11.1,"Increased speed to 21.6 m/min during protocol; However the rat can't maintain the speed, so it was dropped to 19.8 m/min",
10026002,male,control,04JUL2018,30AUG2018,2,1.6,65.3,59.12,66.92,60.58,1.03,1.03,19.8,19.8,7.5,9.3,,
10026274,male,control,04JUL2018,30AUG2018,1.5,1.6,67.75,62.94,69.72,68.71,1.03,1.09,21.6,19.8,8.5,14.6,,
10026355,male,control,04JUL2018,30AUG2018,2.1,1.4,54.69,52.64,56.82,55.91,1.04,1.06,19.8,18,5.1,7.1,"The rat was stressed at the end, didn't want to run, laid on the shock area and got shocked. Thus, the test was ended to prevent the rat from any kind of injuries caused by the shock.",
10026517,male,control,05JUL2018,31AUG2018,1.5,1.6,61.58,52.76,58.68,56.08,1.02,1.06,19.8,19.8,6.5,8.5,,
10026789,male,control,05JUL2018,31AUG2018,0.9,1.5,60.18,59.7,58.85,63.84,0.98,1.07,19.8,19.8,4.5,9,,
10027327,male,control,06JUL2018,01SEP2018,1.7,1.8,64.69,58.53,68.34,59.73,1.05,1.04,21.6,19.8,11.1,7.9,,
10027599,male,control,06JUL2018,01SEP2018,1.4,1.4,55.47,60.42,56.24,65.22,1.02,1.03,21.6,19.8,6.8,10.4,,
10027831,male,control,06JUL2018,01SEP2018,1.5,1.3,66.66,58.73,65.9,63.9,0.99,1.09,19.8,18,5.1,8.7,"The rat sat on the shock area too often and that might affected the lactate measures. Also, failed to measure the lactate at the first try.",
