pid,sex,group,terminal.weight.bw,terminal.weight.lg,terminal.weight.mg,terminal.weight.pl,terminal.weight.sol
10700102,female,1w,186.7,570,378,180,86
10760008,female,1w,183.1,590,373,197,87
10770666,female,1w,193.1,562,377,199,80
10780629,female,1w,186.6,576,396,187,85
10784616,female,1w,194.2,548,400,184,80
10833331,female,1w,185.3,571,399,188,79
10886028,female,1w,183.3,556,366,176,81
10901000,female,1w,197.7,561,409,181,86
10901434,female,1w,175.3,566,393,181,79
10914331,female,1w,182.6,558,380,186,79
10934529,female,1w,179,545,361,189,81
10950486,female,1w,179.3,565,360,182,80
10950648,female,1w,197.3,575,415,198,73
10953744,female,1w,183.3,572,383,191,81
10962735,female,1w,190.6,573,412,186,77
10680837,female,2w,174.3,526,381,178,74
10702741,female,2w,195.1,620,435,211,84
10729518,female,2w,194.9,625,387,200,86
10732306,female,2w,179.6,548,375,191,76
10734945,female,2w,188.9,592,414,185,82
10742611,female,2w,194,577,411,201,87
10756086,female,2w,202.8,629,411,195,84
10761160,female,2w,193.3,595,398,198,83
10782168,female,2w,181.9,574,384,207,83
10830073,female,2w,180,558,371,178,84
10858679,female,2w,179.7,536,375,183,76
10871349,female,2w,191.8,585,443,198,89
10877894,female,2w,186.9,572,394,202,85
10971645,female,2w,186.4,564,395,188,79
10972374,female,2w,185.7,535,391,181,72
10268871,female,4w,174.3,491,358,181,84
10282947,female,4w,181.3,524,376,188,82
10284052,female,4w,184.1,541,393,192,77
10300007,female,4w,195.1,587,411,220,87
10306471,female,4w,200,578,402,199,82
10309659,female,4w,181.3,533,384,186,80
10314733,female,4w,185.3,548,387,180,89
10315624,female,4w,175,521,366,174,69
10335064,female,4w,181.4,544,397,210,82
10335730,female,4w,192.3,553,420,189,86
10337199,female,4w,188.8,564,370,179,81
10338918,female,4w,187.3,553,384,190,81
10356738,female,4w,229,700,446,218,108
10381414,female,4w,186.2,549,386,187,76
10387021,female,4w,190.7,527,410,167,72
10391800,female,4w,190,594,372,198,83
10398651,female,4w,192.4,556,402,189,87
10411690,female,4w,163.5,499,332,165,69
10043608,female,8w,194,592,410,198,81
10044256,female,8w,176.8,579,352,171,69
10044760,female,8w,180,512,380,188,88
10044841,female,8w,180.7,520,386,169,70
10045228,female,8w,181.3,519,386,176,77
10045309,female,8w,183.4,547,396,182,81
10045651,female,8w,197.7,533,399,198,84
10045732,female,8w,179.7,555,401,183,74
10046461,female,8w,200.3,591,433,193,83
10046542,female,8w,194.9,609,420,200,77
10046623,female,8w,192.2,562,432,192,79
10046704,female,8w,177,539,388,194,70
10046895,female,8w,192.3,573,394,190,79
10046976,female,8w,194.2,550,412,205,86
10043527,female,control,196.2,556,390,189,82
10043799,female,control,196.2,530,372,172,70
10043950,female,control,195,567,384,179,73
10044094,female,control,190,531,385,174,72
10044337,female,control,199.1,540,389,174,75
10044418,female,control,186.4,578,389,175,74
10044922,female,control,180.2,526,363,168,80
10045570,female,control,184.8,500,347,172,72
10045813,female,control,179.9,513,348,182,62
10046038,female,control,199,589,383,182,73
10046119,female,control,200.2,560,389,188,79
10046380,female,control,209.3,586,418,194,86
10417702,male,1w,337.5,854,620,302,147
10422463,male,1w,380.2,932,718,339,148
10424911,male,1w,333.6,833,574,294,132
10471596,male,1w,324.9,845,637,296,163
10478337,male,1w,311.1,815,588,277,133
10503110,male,1w,323.4,812,630,298,136
10536558,male,1w,334.3,892,680,297,139
10543767,male,1w,346.3,857,648,291,153
10553053,male,1w,389.3,903,741,351,155
10561072,male,1w,340.1,860,610,300,133
10616233,male,1w,299.7,764,560,287,133
10619259,male,1w,373.6,992,683,333,159
10621903,male,1w,316.9,825,624,321,123
10675086,male,1w,345.7,885,629,316,169
10677887,male,1w,336.1,800,584,287,129
10434046,male,2w,323.5,806,600,276,123
10436170,male,2w,337.1,796,618,320,134
10472053,male,2w,303.9,820,573,285,121
10486003,male,2w,313.7,861,585,297,157
10496580,male,2w,348,883,615,321,141
10502300,male,2w,399.4,1053,752,378,174
10531599,male,2w,333.1,893,650,298,151
10564179,male,2w,331.9,874,593,313,139
10587543,male,2w,326.5,814,577,293,126
10589325,male,2w,310.9,818,638,293,134
10591575,male,2w,326.6,858,672,303,140
10611193,male,2w,321.2,907,623,289,138
10637079,male,2w,314.5,893,621,300,145
10641858,male,2w,307.3,859,634,285,142
10672656,male,2w,326.3,886,534,304,139
10059369,male,4w,324.2,873,663,323,151
10063633,male,4w,332.9,833,651,291,131
10085017,male,4w,343.9,889,599,315,136
10088113,male,4w,271,769,527,256,123
10093702,male,4w,267.9,785,580,265,121
10095241,male,4w,307.7,787,605,280,137
10106383,male,4w,301.4,779,581,290,140
10136967,male,4w,353.9,978,691,351,146
10139044,male,4w,297.6,796,590,285,123
10139710,male,4w,265.4,665,513,249,107
10152148,male,4w,336.1,885,621,301,129
10171010,male,4w,311.3,847,602,279,133
10175431,male,4w,308.5,866,642,303,146
10179267,male,4w,311.7,836,592,297,117
10185585,male,4w,319.1,796,610,272,115
10204989,male,4w,313.3,858,646,325,135
10219315,male,4w,327.4,831,660,319,159
10220917,male,4w,298.1,828,589,296,130
10024735,male,8w,304.7,897,592,282,140
10025626,male,8w,293.3,809,653,316,136
10025707,male,8w,331,944,710,337,151
10025898,male,8w,321.1,870,670,306,146
10025979,male,8w,327,831,600,284,143
10026193,male,8w,321.2,844,654,338,154
10026436,male,8w,311.2,865,659,311,130
10026940,male,8w,326.5,806,622,282,133
10027084,male,8w,324.5,903,622,333,154
10027165,male,8w,305.2,819,618,320,142
10027246,male,8w,287.4,838,613,314,119
10027408,male,8w,312.6,847,611,319,139
10027912,male,8w,317.9,849,668,325,152
10023259,male,control,346.2,832,636,294,117
10024816,male,control,324.6,811,604,293,120
10025464,male,control,332.8,851,618,296,121
10025545,male,control,353.8,827,725,323,134
10026002,male,control,360.2,808,618,294,151
10026274,male,control,318.6,818,609,288,124
10026355,male,control,381.1,992,710,340,150
10026517,male,control,366.1,871,634,288,131
10026789,male,control,357.2,916,620,323,144
10027327,male,control,351.4,901,694,302,130
10027599,male,control,342.7,855,662,320,135
10027831,male,control,383.4,952,762,340,162
