Run,sex,strain,tissue,treatment,Vial_Label,Library.Name,LibraryLayout,LibrarySelection,LibrarySource,Bytes,BioProject,BioSample,Experiment,SRA.Study,Sample.Name
SRR25251383,female,fischer 344,Liver Powder,Control - 8 weeks,90245016803,rna-seq_liver_control_female_8w_biological_rep1_vial_90245016803,PAIRED,PolyA,TRANSCRIPTOMIC,2365369167,PRJNA908279,SAMN36364632,SRX20997597,SRP448906,liver_control_female_8w_biological_rep1_vial_90245016803
SRR25251382,female,fischer 344,Liver Powder,Control - 8 weeks,90248016803,rna-seq_liver_control_female_8w_biological_rep2_vial_90248016803,PAIRED,PolyA,TRANSCRIPTOMIC,2201524024,PRJNA908279,SAMN36364633,SRX20997598,SRP448906,liver_control_female_8w_biological_rep2_vial_90248016803
SRR25251380,female,fischer 344,Liver Powder,Control - 8 weeks,90252016803,rna-seq_liver_control_female_8w_biological_rep3_vial_90252016803,PAIRED,PolyA,TRANSCRIPTOMIC,2042558674,PRJNA908279,SAMN36364635,SRX20997600,SRP448906,liver_control_female_8w_biological_rep3_vial_90252016803
SRR25251376,female,fischer 344,Liver Powder,Control - 8 weeks,90265016803,rna-seq_liver_control_female_8w_biological_rep4_vial_90265016803,PAIRED,PolyA,TRANSCRIPTOMIC,2476993697,PRJNA908279,SAMN36364639,SRX20997604,SRP448906,liver_control_female_8w_biological_rep4_vial_90265016803
SRR25251374,female,fischer 344,Liver Powder,Control - 8 weeks,90266016803,rna-seq_liver_control_female_8w_biological_rep5_vial_90266016803,PAIRED,PolyA,TRANSCRIPTOMIC,2357470438,PRJNA908279,SAMN36364640,SRX20997606,SRP448906,liver_control_female_8w_biological_rep5_vial_90266016803
SRR25251541,female,fischer 344,Liver Powder,Reference,80003996808,rna-seq_liver_female_reference_8_vial_80003996808,PAIRED,PolyA,TRANSCRIPTOMIC,2440804986,PRJNA908279,SAMN36363937,SRX20997440,SRP448906,liver_female_reference_8_vial_80003996808
SRR25251530,female,fischer 344,Liver Powder,Reference,80003996809,rna-seq_liver_female_reference_8_vial_80003996809,PAIRED,PolyA,TRANSCRIPTOMIC,2238687764,PRJNA908279,SAMN36363938,SRX20997451,SRP448906,liver_female_reference_8_vial_80003996809
SRR25251381,female,fischer 344,Liver Powder,Training - 8 weeks,90251016803,rna-seq_liver_training_female_8w_biological_rep1_vial_90251016803,PAIRED,PolyA,TRANSCRIPTOMIC,2393223497,PRJNA908279,SAMN36364634,SRX20997599,SRP448906,liver_training_female_8w_biological_rep1_vial_90251016803
SRR25251379,female,fischer 344,Liver Powder,Training - 8 weeks,90254016803,rna-seq_liver_training_female_8w_biological_rep2_vial_90254016803,PAIRED,PolyA,TRANSCRIPTOMIC,2529877283,PRJNA908279,SAMN36364636,SRX20997601,SRP448906,liver_training_female_8w_biological_rep2_vial_90254016803
SRR25251378,female,fischer 344,Liver Powder,Training - 8 weeks,90258016803,rna-seq_liver_training_female_8w_biological_rep3_vial_90258016803,PAIRED,PolyA,TRANSCRIPTOMIC,2371449984,PRJNA908279,SAMN36364637,SRX20997602,SRP448906,liver_training_female_8w_biological_rep3_vial_90258016803
SRR25251377,female,fischer 344,Liver Powder,Training - 8 weeks,90259016803,rna-seq_liver_training_female_8w_biological_rep4_vial_90259016803,PAIRED,PolyA,TRANSCRIPTOMIC,2416526085,PRJNA908279,SAMN36364638,SRX20997603,SRP448906,liver_training_female_8w_biological_rep4_vial_90259016803
SRR25251373,female,fischer 344,Liver Powder,Training - 8 weeks,90267016803,rna-seq_liver_training_female_8w_biological_rep5_vial_90267016803,PAIRED,PolyA,TRANSCRIPTOMIC,2349022634,PRJNA908279,SAMN36364641,SRX20997607,SRP448906,liver_training_female_8w_biological_rep5_vial_90267016803
SRR25251372,male,fischer 344,Liver Powder,Control - 8 weeks,90217016803,rna-seq_liver_control_male_8w_biological_rep1_vial_90217016803,PAIRED,PolyA,TRANSCRIPTOMIC,2861491861,PRJNA908279,SAMN36364622,SRX20997608,SRP448906,liver_control_male_8w_biological_rep1_vial_90217016803
SRR25251388,male,fischer 344,Liver Powder,Control - 8 weeks,90229016803,rna-seq_liver_control_male_8w_biological_rep2_vial_90229016803,PAIRED,PolyA,TRANSCRIPTOMIC,2606335607,PRJNA908279,SAMN36364628,SRX20997592,SRP448906,liver_control_male_8w_biological_rep2_vial_90229016803
SRR25251387,male,fischer 344,Liver Powder,Control - 8 weeks,90232016803,rna-seq_liver_control_male_8w_biological_rep3_vial_90232016803,PAIRED,PolyA,TRANSCRIPTOMIC,2251084980,PRJNA908279,SAMN36364629,SRX20997593,SRP448906,liver_control_male_8w_biological_rep3_vial_90232016803
SRR25251385,male,fischer 344,Liver Powder,Control - 8 weeks,90237016803,rna-seq_liver_control_male_8w_biological_rep4_vial_90237016803,PAIRED,PolyA,TRANSCRIPTOMIC,1992873727,PRJNA908279,SAMN36364630,SRX20997595,SRP448906,liver_control_male_8w_biological_rep4_vial_90237016803
SRR25251384,male,fischer 344,Liver Powder,Control - 8 weeks,90239016803,rna-seq_liver_control_male_8w_biological_rep5_vial_90239016803,PAIRED,PolyA,TRANSCRIPTOMIC,1907298277,PRJNA908279,SAMN36364631,SRX20997596,SRP448906,liver_control_male_8w_biological_rep5_vial_90239016803
SRR25251542,male,fischer 344,Liver Powder,Reference,80002886808,rna-seq_liver_male_reference_8_vial_80002886808,PAIRED,PolyA,TRANSCRIPTOMIC,2305198862,PRJNA908279,SAMN36363935,SRX20997439,SRP448906,liver_male_reference_8_vial_80002886808
SRR25251342,male,fischer 344,Liver Powder,Reference,80002886809,rna-seq_liver_male_reference_8_vial_80002886809,PAIRED,PolyA,TRANSCRIPTOMIC,2792604539,PRJNA908279,SAMN36363936,SRX20997196,SRP448906,liver_male_reference_8_vial_80002886809
SRR25251371,male,fischer 344,Liver Powder,Training - 8 weeks,90218016803,rna-seq_liver_training_male_8w_biological_rep1_vial_90218016803,PAIRED,PolyA,TRANSCRIPTOMIC,2034558555,PRJNA908279,SAMN36364623,SRX20997609,SRP448906,liver_training_male_8w_biological_rep1_vial_90218016803
SRR25251370,male,fischer 344,Liver Powder,Training - 8 weeks,90222016803,rna-seq_liver_training_male_8w_biological_rep2_vial_90222016803,PAIRED,PolyA,TRANSCRIPTOMIC,2282831953,PRJNA908279,SAMN36364624,SRX20997610,SRP448906,liver_training_male_8w_biological_rep2_vial_90222016803
SRR25251391,male,fischer 344,Liver Powder,Training - 8 weeks,90223016803,rna-seq_liver_training_male_8w_biological_rep3_vial_90223016803,PAIRED,PolyA,TRANSCRIPTOMIC,2319169377,PRJNA908279,SAMN36364625,SRX20997589,SRP448906,liver_training_male_8w_biological_rep3_vial_90223016803
SRR25251390,male,fischer 344,Liver Powder,Training - 8 weeks,90225016803,rna-seq_liver_training_male_8w_biological_rep4_vial_90225016803,PAIRED,PolyA,TRANSCRIPTOMIC,2333655769,PRJNA908279,SAMN36364626,SRX20997590,SRP448906,liver_training_male_8w_biological_rep4_vial_90225016803
SRR25251389,male,fischer 344,Liver Powder,Training - 8 weeks,90227016803,rna-seq_liver_training_male_8w_biological_rep5_vial_90227016803,PAIRED,PolyA,TRANSCRIPTOMIC,2477380336,PRJNA908279,SAMN36364627,SRX20997591,SRP448906,liver_training_male_8w_biological_rep5_vial_90227016803
