pid,sex,group,training.day1_weight,training.day6_weight,training.day11_weight,training.day16_weight,training.day21_weight,training.day26_weight,training.day31_weight,training.day36_weight,training.day1_posttrainlact,training.day5_posttrainlact,training.day6_posttrainlact,training.day7_posttrainlact,training.day8_posttrainlact,training.day9_posttrainlact,training.day10_posttrainlact,training.day11_posttrainlact,training.day15_posttrainlact,training.day16_posttrainlact,training.day20_posttrainlact,training.day21_posttrainlact,training.day25_posttrainlact,training.day26_posttrainlact,training.day30_posttrainlact,training.day31_posttrainlact,training.day35_posttrainlact,training.day39_posttrainlact,training.day40_posttrainlact
10700102,female,1w,190,NA,NA,NA,NA,NA,NA,NA,4.1,3,NA,NA,NA,NA,NA,NA,NA,NA,NA,NA,NA,NA,NA,NA,NA,NA,NA
10760008,female,1w,187,NA,NA,NA,NA,NA,NA,NA,3.9,3.8,NA,NA,NA,NA,NA,NA,NA,NA,NA,NA,NA,NA,NA,NA,NA,NA,NA
10770666,female,1w,200,NA,NA,NA,NA,NA,NA,NA,3.3,2.2,NA,NA,NA,NA,NA,NA,NA,NA,NA,NA,NA,NA,NA,NA,NA,NA,NA
10780629,female,1w,193,NA,NA,NA,NA,NA,NA,NA,6.1,4.4,NA,NA,NA,NA,NA,NA,NA,NA,NA,NA,NA,NA,NA,NA,NA,NA,NA
10784616,female,1w,199,NA,NA,NA,NA,NA,NA,NA,6.9,5.5,NA,NA,NA,NA,NA,NA,NA,NA,NA,NA,NA,NA,NA,NA,NA,NA,NA
10833331,female,1w,190,NA,NA,NA,NA,NA,NA,NA,3.4,1.8,NA,NA,NA,NA,NA,NA,NA,NA,NA,NA,NA,NA,NA,NA,NA,NA,NA
10886028,female,1w,190,NA,NA,NA,NA,NA,NA,NA,6.6,4.7,NA,NA,NA,NA,NA,NA,NA,NA,NA,NA,NA,NA,NA,NA,NA,NA,NA
10901000,female,1w,199,NA,NA,NA,NA,NA,NA,NA,4.8,8.7,NA,NA,NA,NA,NA,NA,NA,NA,NA,NA,NA,NA,NA,NA,NA,NA,NA
10901434,female,1w,177,NA,NA,NA,NA,NA,NA,NA,3.1,2.3,NA,NA,NA,NA,NA,NA,NA,NA,NA,NA,NA,NA,NA,NA,NA,NA,NA
10914331,female,1w,184,NA,NA,NA,NA,NA,NA,NA,3.7,1.8,NA,NA,NA,NA,NA,NA,NA,NA,NA,NA,NA,NA,NA,NA,NA,NA,NA
10934529,female,1w,182,NA,NA,NA,NA,NA,NA,NA,4.2,8.6,NA,NA,NA,NA,NA,NA,NA,NA,NA,NA,NA,NA,NA,NA,NA,NA,NA
10950486,female,1w,182,NA,NA,NA,NA,NA,NA,NA,3.2,1.9,NA,NA,NA,NA,NA,NA,NA,NA,NA,NA,NA,NA,NA,NA,NA,NA,NA
10950648,female,1w,201,NA,NA,NA,NA,NA,NA,NA,3.5,1.2,NA,NA,NA,NA,NA,NA,NA,NA,NA,NA,NA,NA,NA,NA,NA,NA,NA
10953744,female,1w,186,NA,NA,NA,NA,NA,NA,NA,4.2,2.5,NA,NA,NA,NA,NA,NA,NA,NA,NA,NA,NA,NA,NA,NA,NA,NA,NA
10962735,female,1w,194,NA,NA,NA,NA,NA,NA,NA,2.6,2.7,NA,NA,NA,NA,NA,NA,NA,NA,NA,NA,NA,NA,NA,NA,NA,NA,NA
10680837,female,2w,181,180,NA,NA,NA,NA,NA,NA,4.3,3.1,4.7,NA,NA,NA,2.2,NA,NA,NA,NA,NA,NA,NA,NA,NA,NA,NA,NA
10702741,female,2w,196,198,NA,NA,NA,NA,NA,NA,5,2.7,3.2,NA,NA,NA,1.5,NA,NA,NA,NA,NA,NA,NA,NA,NA,NA,NA,NA
10729518,female,2w,196,198,NA,NA,NA,NA,NA,NA,4.7,3.7,3.4,NA,NA,NA,5.5,NA,NA,NA,NA,NA,NA,NA,NA,NA,NA,NA,NA
10732306,female,2w,181,183,NA,NA,NA,NA,NA,NA,4.1,2.3,3.5,NA,NA,NA,3.1,NA,NA,NA,NA,NA,NA,NA,NA,NA,NA,NA,NA
10734945,female,2w,194,191,NA,NA,NA,NA,NA,NA,4.5,3.4,4,NA,NA,NA,3.2,NA,NA,NA,NA,NA,NA,NA,NA,NA,NA,NA,NA
10742611,female,2w,200,197,NA,NA,NA,NA,NA,NA,4.8,2.8,5.2,NA,NA,NA,3.1,NA,NA,NA,NA,NA,NA,NA,NA,NA,NA,NA,NA
10756086,female,2w,207,204,NA,NA,NA,NA,NA,NA,5,3.3,4.1,NA,NA,NA,2.8,NA,NA,NA,NA,NA,NA,NA,NA,NA,NA,NA,NA
10761160,female,2w,200,199,NA,NA,NA,NA,NA,NA,4.2,2.6,3.8,NA,NA,NA,6.3,NA,NA,NA,NA,NA,NA,NA,NA,NA,NA,NA,NA
10782168,female,2w,188,187,NA,NA,NA,NA,NA,NA,4.5,2.9,2.8,NA,NA,NA,2.3,NA,NA,NA,NA,NA,NA,NA,NA,NA,NA,NA,NA
10830073,female,2w,189,185,NA,NA,NA,NA,NA,NA,4.4,3.3,4,NA,NA,NA,2.8,NA,NA,NA,NA,NA,NA,NA,NA,NA,NA,NA,NA
10858679,female,2w,183,181,NA,NA,NA,NA,NA,NA,4.3,2.9,2.3,NA,NA,NA,2.5,NA,NA,NA,NA,NA,NA,NA,NA,NA,NA,NA,NA
10871349,female,2w,198,197,NA,NA,NA,NA,NA,NA,5.9,3.9,6,NA,NA,NA,3.5,NA,NA,NA,NA,NA,NA,NA,NA,NA,NA,NA,NA
10877894,female,2w,198,193,NA,NA,NA,NA,NA,NA,4,2.6,3.6,NA,NA,NA,2.8,NA,NA,NA,NA,NA,NA,NA,NA,NA,NA,NA,NA
10971645,female,2w,190,186,NA,NA,NA,NA,NA,NA,4.1,1.6,4.2,NA,NA,NA,2.4,NA,NA,NA,NA,NA,NA,NA,NA,NA,NA,NA,NA
10972374,female,2w,187,193,NA,NA,NA,NA,NA,NA,4.1,1.7,2.7,NA,NA,NA,2.2,NA,NA,NA,NA,NA,NA,NA,NA,NA,NA,NA,NA
10268871,female,4w,172,169.9,170,171.9,NA,NA,NA,NA,6.7,4.9,4.6,NA,NA,NA,2.2,3.5,2.3,1.4,2.3,NA,NA,NA,NA,NA,NA,NA,NA
10282947,female,4w,176,179.3,182,181.6,NA,NA,NA,NA,4.1,1.7,4,NA,NA,NA,2.9,4.7,1.7,1.5,3.3,NA,NA,NA,NA,NA,NA,NA,NA
10284052,female,4w,187,187.6,188,187.6,NA,NA,NA,NA,5.8,2.6,3.8,NA,NA,NA,9.3,5.1,3.4,1.5,5.1,NA,NA,NA,NA,NA,NA,NA,NA
10300007,female,4w,201,202.3,199,196.7,NA,NA,NA,NA,2.7,1.8,3.5,NA,NA,NA,3.1,4.5,1.7,0.9,3.6,NA,NA,NA,NA,NA,NA,NA,NA
10306471,female,4w,205,202.1,201,196.9,NA,NA,NA,NA,4.1,3.9,3.7,NA,NA,NA,4.3,3.1,3,1.4,4.9,NA,NA,NA,NA,NA,NA,NA,NA
10309659,female,4w,180,180.8,178,179.2,NA,NA,NA,NA,6,2.7,4.9,NA,NA,NA,5.2,4.1,2.5,1.6,3,NA,NA,NA,NA,NA,NA,NA,NA
10314733,female,4w,178,180.1,184,185,NA,NA,NA,NA,7.3,5.2,5.5,NA,NA,NA,6.2,7.2,7.3,2.4,4.2,NA,NA,NA,NA,NA,NA,NA,NA
10315624,female,4w,179,179.6,181,178.9,NA,NA,NA,NA,4.4,2.8,4,NA,NA,NA,2.3,3.7,2.9,1.2,3.1,NA,NA,NA,NA,NA,NA,NA,NA
10335064,female,4w,196,193.8,195,195.1,NA,NA,NA,NA,6.3,3.3,4.6,NA,NA,NA,3.2,5.4,1.8,1.4,1.8,NA,NA,NA,NA,NA,NA,NA,NA
10335730,female,4w,191,194.1,194,193.3,NA,NA,NA,NA,5,6.8,5.2,NA,NA,NA,2.6,5.9,2.6,1.9,2.1,NA,NA,NA,NA,NA,NA,NA,NA
10337199,female,4w,192,191,192,189,NA,NA,NA,NA,4,2,3.9,NA,NA,NA,2.2,5,2.3,2.1,2.4,NA,NA,NA,NA,NA,NA,NA,NA
10338918,female,4w,185,185,186,187,NA,NA,NA,NA,3.4,2,2.6,NA,NA,NA,2.6,4.3,3.3,1.8,2.4,NA,NA,NA,NA,NA,NA,NA,NA
10356738,female,4w,225,231,230,229.1,NA,NA,NA,NA,6,2.1,3.2,NA,NA,NA,2,4.9,1.9,1.8,1.6,NA,NA,NA,NA,NA,NA,NA,NA
10381414,female,4w,193,189,190,189.4,NA,NA,NA,NA,4.1,4,8.1,NA,NA,NA,2.1,3.4,2.8,1.1,3,NA,NA,NA,NA,NA,NA,NA,NA
10387021,female,4w,194,191,191,190.3,NA,NA,NA,NA,3.6,2.5,3.7,NA,NA,NA,2.1,3.7,2.3,1.2,2,NA,NA,NA,NA,NA,NA,NA,NA
10391800,female,4w,191,190,190,192.4,NA,NA,NA,NA,6.5,3.2,5.7,NA,NA,NA,2.3,5,2.4,1.8,3.8,NA,NA,NA,NA,NA,NA,NA,NA
10398651,female,4w,194,191,191,191.2,NA,NA,NA,NA,4.7,3.5,4,NA,NA,NA,3.1,2.7,4.4,1.1,2.1,NA,NA,NA,NA,NA,NA,NA,NA
10411690,female,4w,171,164,164,164,NA,NA,NA,NA,5,3.8,5.7,NA,NA,NA,2.6,2.9,3.4,1.3,2.7,NA,NA,NA,NA,NA,NA,NA,NA
10043608,female,8w,188,189,194,182,192,189,193,193,3.4,2.7,3.7,NA,NA,NA,2.7,7.1,2.2,4.2,1.4,3.2,2.4,2.9,1.7,2.8,2.2,NA,3.9
10044256,female,8w,165,170,169,168,169,168,173,181,4.2,1.8,3.6,NA,NA,NA,2.6,4.8,2.4,3.1,1.5,7.2,2.1,2.1,4.2,3.2,1.5,NA,1.7
10044760,female,8w,171,171,177,176,179,180,183,185,5.6,2.9,3.9,NA,NA,NA,2.1,2.7,2.4,3.2,3.1,2.5,1.6,5.2,1.8,6.7,1.9,NA,4.8
10044841,female,8w,179,179,181,180,181,179,183,185,5.4,4.5,3.9,NA,NA,NA,2.3,4.2,2.5,4.4,4.1,4.2,3,5.2,2.6,5.6,3.2,NA,8.5
10045228,female,8w,170,169,169,167,169,169,178,182,5.6,2.8,4.4,NA,NA,NA,2.7,4.8,4.1,5.6,2.3,3.9,2.5,5,2.6,6.8,1.7,NA,3.6
10045309,female,8w,182,180,181,181,182,180,181,183,3.7,1.8,3.7,NA,NA,NA,3.1,3.4,2.2,4.8,2.8,5.1,2.6,5.3,3.5,8.3,9.1,NA,3.4
10045651,female,8w,191,189,195,196,194,194,196,200,4,2.2,4.8,NA,NA,NA,2.5,4,1.7,3,2.1,3,2.1,5.6,1.9,3.4,3.1,NA,NA
10045732,female,8w,178,175,176,173,178,180,184,181,4.1,2.3,3.7,NA,NA,NA,1.3,3.1,4.9,7.1,4.6,5,4.8,9.7,6.6,7.9,11.7,NA,NA
10046461,female,8w,195,196,201,200,199,196,193,204,4.3,2.2,3.5,NA,NA,NA,1.5,2.6,1.4,3.3,2.9,4.1,2.9,5.1,4.1,4.9,2.8,NA,2.8
10046542,female,8w,198,198,200,197,197,195,194,196,3.7,2.4,3.1,NA,NA,NA,1.4,3.2,1.7,3.6,1.8,3.8,2.9,6.4,1.8,3.6,1.9,NA,2.1
10046623,female,8w,190,189,195,193,193,193,189,193,8.9,5.7,3.3,NA,NA,NA,1.8,3.8,1.9,3.4,4,4.5,2.3,7.5,2.1,7,1.8,NA,1.4
10046704,female,8w,172,174,172,167,171,172,174,177,3,1.3,3.5,NA,NA,NA,4.3,10.3,3.4,4.7,2.3,3.8,3.3,4.8,5.4,4.7,4.5,NA,2.2
10046895,female,8w,185,186,186,189,186,185,188,193,11.2,3.5,3.7,NA,NA,NA,6.1,6.3,6.5,9,5.8,9.7,5.2,5,6.2,3.2,2.4,NA,4.9
10046976,female,8w,181,183,188,187,194,189,193,195,6.1,2.4,4.1,NA,NA,NA,3.2,3.8,1.8,4,1.6,2.9,3.6,4.2,6.8,3.6,6.3,NA,2.6
10043527,female,control,181,183,188,182,192,194,195,199,NA,NA,NA,NA,NA,NA,NA,NA,NA,NA,NA,NA,NA,NA,NA,NA,NA,NA,NA
10043799,female,control,182,186,191,192,195,193,194,203,NA,NA,NA,NA,NA,NA,NA,NA,NA,NA,NA,NA,NA,NA,NA,NA,NA,NA,NA
10043950,female,control,176,177,195,191,191,189,193,202.3,NA,NA,NA,NA,NA,NA,NA,NA,NA,NA,NA,NA,NA,NA,NA,NA,NA,NA,NA
10044094,female,control,182,185,189,185,189,191,192,190,NA,NA,NA,NA,NA,NA,NA,NA,NA,NA,NA,NA,NA,NA,NA,NA,NA,NA,NA
10044337,female,control,187,188,191,191,196,198,200,205,NA,NA,NA,NA,NA,NA,NA,NA,NA,NA,NA,NA,NA,NA,NA,NA,NA,NA,NA
10044418,female,control,179,179,184,185,199,190,193,191,NA,NA,NA,NA,NA,NA,NA,NA,NA,NA,NA,NA,NA,NA,NA,NA,NA,NA,NA
10044922,female,control,168,172,180,178,183,186,187,191,NA,NA,NA,NA,NA,NA,NA,NA,NA,NA,NA,NA,NA,NA,NA,NA,NA,NA,NA
10045570,female,control,172,173,183,180,181,185,187,183,NA,NA,NA,NA,NA,NA,NA,NA,NA,NA,NA,NA,NA,NA,NA,NA,NA,NA,NA
10045813,female,control,171.2,171.3,176.3,175.1,177.5,180.2,186,182.5,NA,NA,NA,NA,NA,NA,NA,NA,NA,NA,NA,NA,NA,NA,NA,NA,NA,NA,NA
10046038,female,control,187,187,189,189,192,193,199,208,NA,NA,NA,NA,NA,NA,NA,NA,NA,NA,NA,NA,NA,NA,NA,NA,NA,NA,NA
10046119,female,control,188,191,197,195,200,200,202,208,NA,NA,NA,NA,NA,NA,NA,NA,NA,NA,NA,NA,NA,NA,NA,NA,NA,NA,NA
10046380,female,control,190.3,193.5,203.8,204.4,207.2,207.4,207.6,215.8,NA,NA,NA,NA,NA,NA,NA,NA,NA,NA,NA,NA,NA,NA,NA,NA,NA,NA,NA
10417702,male,1w,342,NA,NA,NA,NA,NA,NA,NA,3,3.1,NA,NA,NA,NA,NA,NA,NA,NA,NA,NA,NA,NA,NA,NA,NA,NA,NA
10422463,male,1w,392,NA,NA,NA,NA,NA,NA,NA,3.4,3.9,NA,NA,NA,NA,NA,NA,NA,NA,NA,NA,NA,NA,NA,NA,NA,NA,NA
10424911,male,1w,343,NA,NA,NA,NA,NA,NA,NA,2.8,5.4,NA,NA,NA,NA,NA,NA,NA,NA,NA,NA,NA,NA,NA,NA,NA,NA,NA
10471596,male,1w,334,NA,NA,NA,NA,NA,NA,NA,1.4,3.9,NA,NA,NA,NA,NA,NA,NA,NA,NA,NA,NA,NA,NA,NA,NA,NA,NA
10478337,male,1w,319,NA,NA,NA,NA,NA,NA,NA,2.2,2.8,NA,NA,NA,NA,NA,NA,NA,NA,NA,NA,NA,NA,NA,NA,NA,NA,NA
10503110,male,1w,330,NA,NA,NA,NA,NA,NA,NA,2.6,2.1,NA,NA,NA,NA,NA,NA,NA,NA,NA,NA,NA,NA,NA,NA,NA,NA,NA
10536558,male,1w,341,NA,NA,NA,NA,NA,NA,NA,2.1,4.7,NA,NA,NA,NA,NA,NA,NA,NA,NA,NA,NA,NA,NA,NA,NA,NA,NA
10543767,male,1w,353,NA,NA,NA,NA,NA,NA,NA,1.9,4,NA,NA,NA,NA,NA,NA,NA,NA,NA,NA,NA,NA,NA,NA,NA,NA,NA
10553053,male,1w,400,NA,NA,NA,NA,NA,NA,NA,2.5,2.6,NA,NA,NA,NA,NA,NA,NA,NA,NA,NA,NA,NA,NA,NA,NA,NA,NA
10561072,male,1w,347,NA,NA,NA,NA,NA,NA,NA,2,2.5,NA,NA,NA,NA,NA,NA,NA,NA,NA,NA,NA,NA,NA,NA,NA,NA,NA
10616233,male,1w,323,NA,NA,NA,NA,NA,NA,NA,2.4,2.7,NA,NA,NA,NA,NA,NA,NA,NA,NA,NA,NA,NA,NA,NA,NA,NA,NA
10619259,male,1w,331.7,NA,NA,NA,NA,NA,NA,NA,2.2,1.9,NA,NA,NA,NA,NA,NA,NA,NA,NA,NA,NA,NA,NA,NA,NA,NA,NA
10621903,male,1w,307.4,NA,NA,NA,NA,NA,NA,NA,3.6,4.7,NA,NA,NA,NA,NA,NA,NA,NA,NA,NA,NA,NA,NA,NA,NA,NA,NA
10675086,male,1w,355.4,NA,NA,NA,NA,NA,NA,NA,2.6,2.5,NA,NA,NA,NA,NA,NA,NA,NA,NA,NA,NA,NA,NA,NA,NA,NA,NA
10677887,male,1w,345.3,NA,NA,NA,NA,NA,NA,NA,1.8,2.1,NA,NA,NA,NA,NA,NA,NA,NA,NA,NA,NA,NA,NA,NA,NA,NA,NA
10434046,male,2w,345,333,NA,NA,NA,NA,NA,NA,3,3.7,2.3,NA,NA,NA,5.2,NA,NA,NA,NA,NA,NA,NA,NA,NA,NA,NA,NA
10436170,male,2w,355,348,NA,NA,NA,NA,NA,NA,6.4,7.4,2.9,NA,NA,NA,5.3,NA,NA,NA,NA,NA,NA,NA,NA,NA,NA,NA,NA
10472053,male,2w,320,317,NA,NA,NA,NA,NA,NA,2.9,2.7,1.6,NA,NA,NA,3.6,NA,NA,NA,NA,NA,NA,NA,NA,NA,NA,NA,NA
10486003,male,2w,325,322,NA,NA,NA,NA,NA,NA,2.2,3.1,2.3,NA,NA,NA,3.8,NA,NA,NA,NA,NA,NA,NA,NA,NA,NA,NA,NA
10496580,male,2w,361,360,NA,NA,NA,NA,NA,NA,1.7,2.3,2.1,NA,NA,NA,2.3,NA,NA,NA,NA,NA,NA,NA,NA,NA,NA,NA,NA
10502300,male,2w,420,412,NA,NA,NA,NA,NA,NA,1.5,2.5,1.9,NA,NA,NA,2.7,NA,NA,NA,NA,NA,NA,NA,NA,NA,NA,NA,NA
10531599,male,2w,347,341,NA,NA,NA,NA,NA,NA,3.9,3.3,2.4,NA,NA,NA,4.2,NA,NA,NA,NA,NA,NA,NA,NA,NA,NA,NA,NA
10564179,male,2w,346,339,NA,NA,NA,NA,NA,NA,3,3,2.2,NA,NA,NA,1.7,NA,NA,NA,NA,NA,NA,NA,NA,NA,NA,NA,NA
10587543,male,2w,341,335,NA,NA,NA,NA,NA,NA,3.2,3.2,3,NA,NA,NA,4.3,NA,NA,NA,NA,NA,NA,NA,NA,NA,NA,NA,NA
10589325,male,2w,323,318,NA,NA,NA,NA,NA,NA,2.9,2.3,2.2,NA,NA,NA,2.6,NA,NA,NA,NA,NA,NA,NA,NA,NA,NA,NA,NA
10591575,male,2w,324.7,323,NA,NA,NA,NA,NA,NA,3.3,NA,3.5,NA,NA,NA,3,NA,NA,NA,NA,NA,NA,NA,NA,NA,NA,NA,NA
10611193,male,2w,330.9,329,NA,NA,NA,NA,NA,NA,2.6,NA,3.1,NA,NA,NA,4.7,NA,NA,NA,NA,NA,NA,NA,NA,NA,NA,NA,NA
10637079,male,2w,383.2,321,NA,NA,NA,NA,NA,NA,3,NA,1.7,NA,NA,NA,1.5,NA,NA,NA,NA,NA,NA,NA,NA,NA,NA,NA,NA
10641858,male,2w,318.5,311,NA,NA,NA,NA,NA,NA,1.5,NA,2.5,NA,NA,NA,1.6,NA,NA,NA,NA,NA,NA,NA,NA,NA,NA,NA,NA
10672656,male,2w,337.8,336,NA,NA,NA,NA,NA,NA,5.7,NA,2.8,NA,NA,NA,2,NA,NA,NA,NA,NA,NA,NA,NA,NA,NA,NA,NA
10059369,male,4w,329.7,328.1,328.4,331.5,NA,NA,NA,NA,4.3,6.2,55.4,NA,NA,NA,5.6,4,3.9,7.5,7.8,NA,NA,NA,NA,NA,NA,NA,NA
10063633,male,4w,331.7,334.1,336.2,337,NA,NA,NA,NA,2.9,2.4,4.6,NA,NA,NA,6.4,4,7.9,9.3,6.7,NA,NA,NA,NA,NA,NA,NA,NA
10085017,male,4w,349.7,342.2,345.4,345.3,NA,NA,NA,NA,9.1,6.6,6.9,NA,NA,NA,5.4,5.3,11.3,8.1,3.4,NA,NA,NA,NA,NA,NA,NA,NA
10088113,male,4w,275.1,276.2,275.6,276.3,NA,NA,NA,NA,4.3,3.5,2.5,NA,NA,NA,2.5,1.4,1.2,13.3,1.4,NA,NA,NA,NA,NA,NA,NA,NA
10093702,male,4w,273.9,273.1,273.7,272.9,NA,NA,NA,NA,3.6,4.8,3,NA,NA,NA,2.6,1.6,1.6,9.3,1.5,NA,NA,NA,NA,NA,NA,NA,NA
10095241,male,4w,318.4,319.3,323.2,318.3,NA,NA,NA,NA,2.6,3.9,4.2,NA,NA,NA,2.9,3.3,2.8,12.8,1.8,NA,NA,NA,NA,NA,NA,NA,NA
10106383,male,4w,309.8,304.9,307,308.3,NA,NA,NA,NA,5,8.6,4.7,NA,NA,NA,5.7,8.2,6,7,4.8,NA,NA,NA,NA,NA,NA,NA,NA
10136967,male,4w,354.2,352.8,354.3,357.6,NA,NA,NA,NA,2.9,3.2,2.9,NA,NA,NA,2.4,2.3,2.4,8.7,1.8,NA,NA,NA,NA,NA,NA,NA,NA
10139044,male,4w,311.4,310.1,309.9,307.6,NA,NA,NA,NA,2.3,1.4,2.8,NA,NA,NA,1.9,2.2,2.6,13.6,2.2,NA,NA,NA,NA,NA,NA,NA,NA
10139710,male,4w,270.5,273.2,276.8,279.3,NA,NA,NA,NA,2,2.5,2.6,NA,NA,NA,1.8,2.9,2.8,11,2.2,NA,NA,NA,NA,NA,NA,NA,NA
10152148,male,4w,321,350.4,354.4,346.2,NA,NA,NA,NA,2,2.5,2.9,NA,NA,NA,2.1,1.5,2.4,7.5,5.7,NA,NA,NA,NA,NA,NA,NA,NA
10171010,male,4w,333.2,332.4,334.2,322.2,NA,NA,NA,NA,3,2.3,2,NA,NA,NA,3.3,2.7,4.4,5.7,3.7,NA,NA,NA,NA,NA,NA,NA,NA
10175431,male,4w,354.9,321.2,320.1,317.9,NA,NA,NA,NA,3.8,2.5,3.6,NA,NA,NA,6.5,3.3,4.7,7.5,2.8,NA,NA,NA,NA,NA,NA,NA,NA
10179267,male,4w,323.5,323.4,322.6,318,NA,NA,NA,NA,2.9,2.1,3.9,NA,NA,NA,2.1,2.8,1.7,11.8,2.3,NA,NA,NA,NA,NA,NA,NA,NA
10185585,male,4w,320.5,320.5,324.8,322.7,NA,NA,NA,NA,3.6,2.4,4,NA,NA,NA,1.8,3.1,2.6,10.2,1.9,NA,NA,NA,NA,NA,NA,NA,NA
10204989,male,4w,322.9,316.7,320.2,316.2,NA,NA,NA,NA,2.6,2.4,2.8,NA,NA,NA,2,1.7,1.7,8.4,1.9,NA,NA,NA,NA,NA,NA,NA,NA
10219315,male,4w,345.9,344.8,341.6,339,NA,NA,NA,NA,4.5,2.3,3,NA,NA,NA,1.8,2.3,1.4,11.4,8.3,NA,NA,NA,NA,NA,NA,NA,NA
10220917,male,4w,301.6,303,304.7,302.8,NA,NA,NA,NA,2.3,2.2,3.4,NA,NA,NA,1.6,1.7,1.8,11.2,1.7,NA,NA,NA,NA,NA,NA,NA,NA
10024735,male,8w,333,319,317,318,315,316,312,311,NA,2.6,3.3,2.5,2.2,2.9,4.7,2.3,1.8,4.8,1.2,3,2.2,2.6,2.3,3.7,4,NA,3.9
10025626,male,8w,317,305,303,306,302,301,300,296,NA,1.8,5.1,NA,NA,NA,3.9,2.7,1.8,3.1,3.6,5.4,3.2,2.8,4.1,3.7,6.2,4.4,NA
10025707,male,8w,363,348,347,350,341,338,335,335,NA,2.6,2.1,NA,NA,NA,4.1,3.6,2.9,3.1,3.9,5.9,3,4.3,4.2,5,5.8,NA,NA
10025898,male,8w,343,332,331,338,333,328,329,329,NA,1.5,2.5,NA,NA,NA,4,2.5,2.1,2.8,2,4.3,1.9,2.7,3,3.1,3.8,4.2,NA
10025979,male,8w,364,344,339,348,341,339,337,334,NA,1.1,2.5,NA,NA,NA,3.5,2.6,1.7,3,2.5,3.4,2,5.7,4.1,4.3,4.8,NA,6.3
10026193,male,8w,341,326,328,335,327,325,325,326,NA,2.1,2.6,NA,NA,NA,4,2.2,2.2,4.5,3.2,3.4,2.8,4.5,4.7,5.4,3.8,NA,4.7
10026436,male,8w,348,336,334,340,328,322,319,324,NA,5.4,4.8,NA,NA,NA,NA,7.3,2.7,3.1,NA,4.2,5.5,5.6,3.6,7.4,4.4,NA,4.5
10026940,male,8w,350,342,338,337,331,330,338,332,NA,1.4,1.5,NA,NA,NA,2.2,3,2.2,2.9,1.9,2.1,2.2,4.2,3.7,6.3,5.5,NA,5
10027084,male,8w,354,342,340,339,333,331,335,326,NA,3.7,1.4,NA,NA,NA,1.4,1.8,1.4,2.6,3.4,4.1,3.2,3.7,6.1,3.5,2.8,NA,5
10027165,male,8w,331,316,316,317,285,292,312,302,NA,2.4,4,NA,NA,NA,1.6,3,2.4,2.5,9.4,6.7,4.7,4.9,7.1,4.4,5.8,NA,4.7
10027246,male,8w,316,300,295,296,290,292,297,289,NA,2.8,2,NA,NA,NA,2.3,2.6,1.7,2.5,2.4,3.6,3.1,4.9,5.1,4.5,3.7,NA,2.9
10027408,male,8w,347,336,334,326,327,326,325,322,3.8,3,4.1,NA,NA,NA,2.4,2.8,2.2,3.2,3.2,4.1,4.3,4.3,5.1,3.6,7.8,NA,5.5
10027912,male,8w,351,340,331,319,320,322,318,314,2.5,1.8,4.4,NA,NA,NA,3.8,4.2,2.3,3.6,2.6,3.3,2.7,2.5,4.2,5.2,5.2,NA,5.4
10023259,male,control,340,333,332,338,336,341,348,349,NA,NA,NA,NA,NA,NA,NA,NA,NA,NA,NA,NA,NA,NA,NA,NA,NA,NA,NA
10024816,male,control,315,306,308,318,318,322,328,329,NA,NA,NA,NA,NA,NA,NA,NA,NA,NA,NA,NA,NA,NA,NA,NA,NA,NA,NA
10025464,male,control,321,309,312,323,326,327,337,335,NA,NA,NA,NA,NA,NA,NA,NA,NA,NA,NA,NA,NA,NA,NA,NA,NA,NA,NA
10025545,male,control,348,338,343,351,348,350,355,359,NA,NA,NA,NA,NA,NA,NA,NA,NA,NA,NA,NA,NA,NA,NA,NA,NA,NA,NA
10026002,male,control,346,336,339,354,352,355,365,369,NA,NA,NA,NA,NA,NA,NA,NA,NA,NA,NA,NA,NA,NA,NA,NA,NA,NA,NA
10026274,male,control,310,301,303,312,312,313,320,329,NA,NA,NA,NA,NA,NA,NA,NA,NA,NA,NA,NA,NA,NA,NA,NA,NA,NA,NA
10026355,male,control,375,370,373,378,376,377,382,395,NA,NA,NA,NA,NA,NA,NA,NA,NA,NA,NA,NA,NA,NA,NA,NA,NA,NA,NA
10026517,male,control,337,338,343,354,352,359,369,368,NA,NA,NA,NA,NA,NA,NA,NA,NA,NA,NA,NA,NA,NA,NA,NA,NA,NA,NA
10026789,male,control,345,336,339,351,351,355,371,358,NA,NA,NA,NA,NA,NA,NA,NA,NA,NA,NA,NA,NA,NA,NA,NA,NA,NA,NA
10027327,male,control,375,366,336,345,346,348,350,353,NA,NA,NA,NA,NA,NA,NA,NA,NA,NA,NA,NA,NA,NA,NA,NA,NA,NA,NA
10027599,male,control,338,328,328,332,335,342,347,349,NA,NA,NA,NA,NA,NA,NA,NA,NA,NA,NA,NA,NA,NA,NA,NA,NA,NA,NA
10027831,male,control,349,336,370,375,379,384,388,388,NA,NA,NA,NA,NA,NA,NA,NA,NA,NA,NA,NA,NA,NA,NA,NA,NA,NA,NA
